{"cameraMode":{"drawMode":0,"name":"Shaded","section":"Shading Mode"},"sceneLighting":true,"audioPlay":false,"sceneViewState":{"m_AlwaysRefresh":false,"showFog":true,"showSkybox":true,"showFlares":true,"showImageEffects":true,"showParticleSystems":true,"showVisualEffectGraphs":true,"m_FxEnabled":true},"in2DMode":false,"pivot":{"x":4.217406749725342,"y":0.6227623820304871,"z":-1.0408823490142823},"rotation":{"x":0.08108235895633698,"y":0.8966346979141235,"z":-0.18438144028186799,"w":0.39429906010627749},"size":5.693608283996582,"orthographic":false}